-- =========================================================
-- NOTEBOOK
-- =========================================================
INSERT INTO notebooks (
    id,
    owner_user_id,
    name,
    description,
    created_at,
    updated_at
) VALUES (
             '20000000-0000-0000-0000-000000000001',
             'aaaaaaaa-aaaa-aaaa-aaaa-aaaaaaaaaaaa',
             'Основной notebook',
             'Тестовый notebook для локальной проверки execution-service',
             NOW() - INTERVAL '7 days',
             NOW() - INTERVAL '7 days'
         );

-- =========================================================
-- WORKFLOWS
-- =========================================================
INSERT INTO workflows (
    id,
    notebook_id,
    name,
    description,
    status,
    created_at,
    updated_at
) VALUES
      (
          '30000000-0000-0000-0000-000000000001',
          '20000000-0000-0000-0000-000000000001',
          'Суммаризация текста',
          'Тестовый workflow с LLM-блоком',
          'ACTIVE',
          NOW() - INTERVAL '6 days',
          NOW() - INTERVAL '6 days'
      ),
      (
          '30000000-0000-0000-0000-000000000002',
          '20000000-0000-0000-0000-000000000001',
          'Проверка условия',
          'Тестовый workflow с condition-блоком',
          'DRAFT',
          NOW() - INTERVAL '5 days',
          NOW() - INTERVAL '5 days'
      );

-- =========================================================
-- BLOCKS FOR WORKFLOW 1
-- =========================================================
INSERT INTO workflow_blocks (
    id,
    workflow_id,
    type,
    name,
    position,
    config,
    created_at,
    updated_at
) VALUES
      (
          '40000000-0000-0000-0000-000000000001',
          '30000000-0000-0000-0000-000000000001',
          'START',
          'Старт',
          '{"x":100,"y":120}'::jsonb,
          '{}'::jsonb,
          NOW(),
          NOW()
      ),
      (
          '40000000-0000-0000-0000-000000000002',
          '30000000-0000-0000-0000-000000000001',
          'INPUT',
          'Ввод текста',
          '{"x":280,"y":120}'::jsonb,
          '{"inputKey":"text"}'::jsonb,
          NOW(),
          NOW()
      ),
      (
          '40000000-0000-0000-0000-000000000003',
          '30000000-0000-0000-0000-000000000001',
          'LLM_REQUEST',
          'Суммаризация',
          '{"x":500,"y":120}'::jsonb,
          '{"provider":"openrouter","model":"gpt-4o-mini","prompt":"Сделай краткое резюме текста"}'::jsonb,
          NOW(),
          NOW()
      ),
      (
          '40000000-0000-0000-0000-000000000004',
          '30000000-0000-0000-0000-000000000001',
          'END',
          'Завершение',
          '{"x":760,"y":120}'::jsonb,
          '{}'::jsonb,
          NOW(),
          NOW()
      );

-- =========================================================
-- BLOCKS FOR WORKFLOW 2
-- =========================================================
INSERT INTO workflow_blocks (
    id,
    workflow_id,
    type,
    name,
    position,
    config,
    created_at,
    updated_at
) VALUES
      (
          '40000000-0000-0000-0000-000000000005',
          '30000000-0000-0000-0000-000000000002',
          'START',
          'Старт',
          '{"x":100,"y":300}'::jsonb,
          '{}'::jsonb,
          NOW(),
          NOW()
      ),
      (
          '40000000-0000-0000-0000-000000000006',
          '30000000-0000-0000-0000-000000000002',
          'IF',
          'Проверка длины текста',
          '{"x":340,"y":300}'::jsonb,
          '{"expression":"text_length > 100"}'::jsonb,
          NOW(),
          NOW()
      ),
      (
          '40000000-0000-0000-0000-000000000007',
          '30000000-0000-0000-0000-000000000002',
          'END',
          'Завершение',
          '{"x":620,"y":300}'::jsonb,
          '{}'::jsonb,
          NOW(),
          NOW()
      );

-- =========================================================
-- CONNECTIONS FOR WORKFLOW 1
-- =========================================================
INSERT INTO workflow_connections (
    id,
    workflow_id,
    from_block_id,
    to_block_id,
    condition,
    created_at
) VALUES
      (
          '50000000-0000-0000-0000-000000000001',
          '30000000-0000-0000-0000-000000000001',
          '40000000-0000-0000-0000-000000000001',
          '40000000-0000-0000-0000-000000000002',
          NULL,
          NOW()
      ),
      (
          '50000000-0000-0000-0000-000000000002',
          '30000000-0000-0000-0000-000000000001',
          '40000000-0000-0000-0000-000000000002',
          '40000000-0000-0000-0000-000000000003',
          NULL,
          NOW()
      ),
      (
          '50000000-0000-0000-0000-000000000003',
          '30000000-0000-0000-0000-000000000001',
          '40000000-0000-0000-0000-000000000003',
          '40000000-0000-0000-0000-000000000004',
          NULL,
          NOW()
      );

-- =========================================================
-- CONNECTIONS FOR WORKFLOW 2
-- =========================================================
INSERT INTO workflow_connections (
    id,
    workflow_id,
    from_block_id,
    to_block_id,
    condition,
    created_at
) VALUES
      (
          '50000000-0000-0000-0000-000000000004',
          '30000000-0000-0000-0000-000000000002',
          '40000000-0000-0000-0000-000000000005',
          '40000000-0000-0000-0000-000000000006',
          NULL,
          NOW()
      ),
      (
          '50000000-0000-0000-0000-000000000005',
          '30000000-0000-0000-0000-000000000002',
          '40000000-0000-0000-0000-000000000006',
          '40000000-0000-0000-0000-000000000007',
          'result == true',
          NOW()
      );

-- =========================================================
-- EXECUTIONS
-- =========================================================
INSERT INTO executions (
    id,
    workflow_id,
    started_by_user_id,
    status,
    input_data,
    output_data,
    error_message,
    started_at,
    finished_at,
    created_at,
    updated_at
) VALUES
      (
          '60000000-0000-0000-0000-000000000001',
          '30000000-0000-0000-0000-000000000001',
          'aaaaaaaa-aaaa-aaaa-aaaa-aaaaaaaaaaaa',
          'SUCCESS',
          '{"text":"FlowAct позволяет проектировать и выполнять рабочие процессы обработки текста."}'::jsonb,
          '{"summary":"FlowAct — система для проектирования и исполнения текстовых workflow."}'::jsonb,
          NULL,
          NOW() - INTERVAL '2 hours',
          NOW() - INTERVAL '1 hour 58 minutes',
          NOW() - INTERVAL '2 hours',
          NOW() - INTERVAL '1 hour 58 minutes'
      ),
      (
          '60000000-0000-0000-0000-000000000002',
          '30000000-0000-0000-0000-000000000002',
          'aaaaaaaa-aaaa-aaaa-aaaa-aaaaaaaaaaaa',
          'FAILED',
          '{"text":"Короткий текст"}'::jsonb,
          NULL,
          'Condition evaluation failed',
          NOW() - INTERVAL '1 hour',
          NOW() - INTERVAL '59 minutes',
          NOW() - INTERVAL '1 hour',
          NOW() - INTERVAL '59 minutes'
      );

-- =========================================================
-- EXECUTION LOGS
-- =========================================================
INSERT INTO execution_logs (
    id,
    execution_id,
    block_id,
    status,
    output,
    error,
    created_at
) VALUES
      (
          '70000000-0000-0000-0000-000000000001',
          '60000000-0000-0000-0000-000000000001',
          '40000000-0000-0000-0000-000000000001',
          'SUCCESS',
          '{"message":"workflow started"}'::jsonb,
          NULL,
          NOW() - INTERVAL '2 hours'
      ),
      (
          '70000000-0000-0000-0000-000000000002',
          '60000000-0000-0000-0000-000000000001',
          '40000000-0000-0000-0000-000000000002',
          'SUCCESS',
          '{"text":"FlowAct позволяет проектировать и выполнять рабочие процессы обработки текста."}'::jsonb,
          NULL,
          NOW() - INTERVAL '1 hour 59 minutes'
      ),
      (
          '70000000-0000-0000-0000-000000000003',
          '60000000-0000-0000-0000-000000000001',
          '40000000-0000-0000-0000-000000000003',
          'SUCCESS',
          '{"summary":"FlowAct — система для проектирования и исполнения текстовых workflow."}'::jsonb,
          NULL,
          NOW() - INTERVAL '1 hour 58 minutes 30 seconds'
      ),
      (
          '70000000-0000-0000-0000-000000000004',
          '60000000-0000-0000-0000-000000000001',
          '40000000-0000-0000-0000-000000000004',
          'SUCCESS',
          '{"message":"workflow completed"}'::jsonb,
          NULL,
          NOW() - INTERVAL '1 hour 58 minutes'
      ),
      (
          '70000000-0000-0000-0000-000000000005',
          '60000000-0000-0000-0000-000000000002',
          '40000000-0000-0000-0000-000000000006',
          'FAILED',
          NULL,
          'Condition evaluation failed',
          NOW() - INTERVAL '59 minutes'
      );
